{
  "circles": [
    18.0, 
    10.0, 
    13.0, 
    21.0, 
    6.0, 
    23.0, 
    3.0, 
    8.0
  ], 
  "car bomb": [
    3.652173913043478, 
    4.956521739130435, 
    3.347826086956522, 
    4.826086956521739, 
    3.0434782608695654, 
    4.913043478260869, 
    2.0434782608695654, 
    4.217391304347826
  ], 
  "vola": [
    3.0, 
    2.0, 
    1.6666666666666667, 
    4.333333333333333, 
    1.3333333333333333, 
    6.0, 
    2.3333333333333335, 
    1.6666666666666667
  ], 
  "fellsilent": [
    8.5, 
    10.5, 
    5.166666666666667, 
    10.333333333333334, 
    7.333333333333333, 
    11.166666666666666, 
    5.5, 
    10.333333333333334
  ], 
  "skyharbor": [
    5.6, 
    5.75, 
    4.05, 
    6.8, 
    4.7, 
    6.2, 
    2.9, 
    4.8
  ], 
  "sybreed": [
    8.375, 
    6.666666666666667, 
    6.625, 
    11.333333333333334, 
    5.875, 
    11.25, 
    3.4583333333333335, 
    6.5
  ], 
  "uneven structure": [
    1.8666666666666667, 
    1.9333333333333333, 
    2.1333333333333333, 
    2.3333333333333335, 
    1.3333333333333333, 
    3.7333333333333334, 
    1.6, 
    2.2666666666666666
  ], 
  "vildhjarta": [
    7.181818181818182, 
    5.181818181818182, 
    4.090909090909091, 
    9.363636363636363, 
    2.3636363636363638, 
    8.0, 
    3.5454545454545454, 
    4.0
  ], 
  "seven": [
    3.25, 
    5.9375, 
    1.625, 
    5.4375, 
    4.25, 
    5.0625, 
    2.75, 
    6.125
  ], 
  "northlane": [
    3.272727272727273, 
    4.9772727272727275, 
    2.2954545454545454, 
    5.590909090909091, 
    3.409090909090909, 
    5.9772727272727275, 
    2.340909090909091, 
    4.136363636363637
  ], 
  "elitist": [
    2.5, 
    4.75, 
    1.375, 
    4.4375, 
    3.0, 
    3.375, 
    1.8125, 
    4.3125
  ], 
  "exile": [
    1.1875, 
    6.8125, 
    0.875, 
    2.9375, 
    11.0, 
    3.9375, 
    5.375, 
    6.8125
  ], 
  "afterimage": [
    3.25, 
    4.375, 
    2.375, 
    5.5, 
    4.625, 
    3.25, 
    1.625, 
    7.125
  ], 
  "visions": [
    3.0, 
    5.0, 
    1.0, 
    6.0, 
    6.0, 
    6.0, 
    3.0, 
    6.0
  ], 
  "within the ruins": [
    6.54054054054054, 
    6.4324324324324325, 
    3.5945945945945947, 
    8.621621621621621, 
    4.297297297297297, 
    6.945945945945946, 
    3.1621621621621623, 
    5.108108108108108
  ], 
  "david maxim micic": [
    2.0, 
    1.6666666666666667, 
    0.8333333333333334, 
    1.8333333333333333, 
    2.0, 
    1.5, 
    1.0, 
    3.0
  ], 
  "galactic pegasus": [
    2.9, 
    5.1, 
    2.9, 
    5.3, 
    2.9, 
    5.2, 
    2.8, 
    4.3
  ], 
  "superior": [
    5.142857142857143, 
    6.742857142857143, 
    2.6285714285714286, 
    7.457142857142857, 
    6.114285714285714, 
    7.0, 
    3.2, 
    7.6
  ], 
  "solace": [
    2.090909090909091, 
    2.8181818181818183, 
    1.2727272727272727, 
    2.909090909090909, 
    1.4545454545454546, 
    3.090909090909091, 
    1.1818181818181819, 
    1.6363636363636365
  ], 
  "after the burial": [
    3.727272727272727, 
    3.696969696969697, 
    2.909090909090909, 
    5.7272727272727275, 
    3.212121212121212, 
    5.7272727272727275, 
    2.6363636363636362, 
    3.9393939393939394
  ], 
  "threat signal": [
    5.638888888888889, 
    3.75, 
    3.8055555555555554, 
    8.583333333333334, 
    2.5, 
    8.11111111111111, 
    1.6111111111111112, 
    4.75
  ], 
  "twelve foot ninja": [
    4.730769230769231, 
    4.961538461538462, 
    3.3076923076923075, 
    6.769230769230769, 
    3.576923076923077, 
    5.5, 
    2.3461538461538463, 
    4.846153846153846
  ], 
  "destiny potato": [
    2.7142857142857144, 
    4.571428571428571, 
    2.0, 
    4.428571428571429, 
    4.0, 
    4.0, 
    2.142857142857143, 
    2.2857142857142856
  ], 
  "hacktivist": [
    12.285714285714286, 
    9.0, 
    7.428571428571429, 
    15.285714285714286, 
    6.214285714285714, 
    11.428571428571429, 
    6.214285714285714, 
    9.428571428571429
  ], 
  "forever orion": [
    2.1666666666666665, 
    4.0, 
    0.3333333333333333, 
    3.5, 
    2.0, 
    4.5, 
    1.6666666666666667, 
    3.0
  ], 
  "periphery": [
    6.8, 
    7.876923076923077, 
    5.661538461538462, 
    8.584615384615384, 
    6.615384615384615, 
    9.169230769230769, 
    4.8, 
    7.0
  ], 
  "rings of saturn": [
    6.75, 
    5.25, 
    6.285714285714286, 
    9.678571428571429, 
    4.107142857142857, 
    7.285714285714286, 
    2.5357142857142856, 
    5.107142857142857
  ], 
  "structures": [
    4.0, 
    7.466666666666667, 
    2.6, 
    5.533333333333333, 
    3.6, 
    5.666666666666667, 
    2.4, 
    5.4
  ], 
  "erra": [
    5.3125, 
    5.9375, 
    4.3125, 
    8.0625, 
    5.125, 
    8.5625, 
    4.0, 
    7.4375
  ], 
  "born of osiris": [
    3.6721311475409837, 
    7.114754098360656, 
    2.5737704918032787, 
    6.049180327868853, 
    4.409836065573771, 
    5.229508196721311, 
    2.6557377049180326, 
    6.360655737704918
  ], 
  "textures": [
    5.195121951219512, 
    6.902439024390244, 
    3.1463414634146343, 
    6.975609756097561, 
    4.048780487804878, 
    6.7560975609756095, 
    2.7804878048780486, 
    5.804878048780488
  ], 
  "mnemic": [
    6.526315789473684, 
    5.228070175438597, 
    5.385964912280702, 
    7.754385964912281, 
    3.491228070175439, 
    8.298245614035087, 
    2.7719298245614037, 
    4.421052631578948
  ], 
  "permillisecond": [
    3.0, 
    6.333333333333333, 
    1.1666666666666667, 
    3.5, 
    5.666666666666667, 
    3.8333333333333335, 
    2.3333333333333335, 
    6.333333333333333
  ], 
  "monuments": [
    7.0, 
    7.384615384615385, 
    4.0, 
    11.76923076923077, 
    2.3076923076923075, 
    8.384615384615385, 
    3.0, 
    4.3076923076923075
  ], 
  "architects": [
    4.365853658536586, 
    5.487804878048781, 
    3.268292682926829, 
    6.878048780487805, 
    4.2073170731707314, 
    6.390243902439025, 
    2.231707317073171, 
    5.487804878048781
  ], 
  "benea reach": [
    3.3636363636363638, 
    5.909090909090909, 
    2.6363636363636362, 
    6.181818181818182, 
    4.363636363636363, 
    4.090909090909091, 
    2.3636363636363638, 
    4.7272727272727275
  ], 
  "your memorial": [
    4.857142857142857, 
    2.4285714285714284, 
    3.857142857142857, 
    4.714285714285714, 
    2.0, 
    3.857142857142857, 
    2.0, 
    2.857142857142857
  ], 
  "ion dissonance": [
    6.205128205128205, 
    5.205128205128205, 
    4.743589743589744, 
    6.794871794871795, 
    4.256410256410256, 
    6.948717948717949, 
    3.5128205128205128, 
    5.769230769230769
  ], 
  "meshuggah": [
    6.988235294117647, 
    3.929411764705882, 
    5.952941176470588, 
    9.035294117647059, 
    3.2823529411764705, 
    7.658823529411765, 
    2.4705882352941178, 
    4.9411764705882355
  ], 
  "bulb": [
    1.0, 
    0.0, 
    0.0, 
    1.0, 
    1.0, 
    1.0, 
    0.0, 
    2.0
  ], 
  "reflections": [
    1.6666666666666667, 
    4.111111111111111, 
    1.8888888888888888, 
    2.888888888888889, 
    2.4444444444444446, 
    3.0, 
    0.6666666666666666, 
    3.2222222222222223
  ], 
  "auras": [
    3.4, 
    4.8, 
    2.8, 
    5.4, 
    4.0, 
    6.2, 
    3.4, 
    5.6
  ], 
  "reset": [
    2.8863636363636362, 
    3.772727272727273, 
    2.0454545454545454, 
    2.9545454545454546, 
    2.659090909090909, 
    3.1363636363636362, 
    1.6818181818181819, 
    3.5
  ], 
  "hacride": [
    5.25, 
    4.25, 
    2.75, 
    8.05, 
    2.5, 
    5.2, 
    1.65, 
    4.75
  ], 
  "scarve": [
    4.65, 
    3.725, 
    3.425, 
    6.35, 
    2.45, 
    5.525, 
    2.2, 
    3.45
  ], 
  "corelia": [
    3.1666666666666665, 
    4.0, 
    1.0, 
    5.666666666666667, 
    3.3333333333333335, 
    7.333333333333333, 
    3.1666666666666665, 
    3.5
  ], 
  "algorithm": [
    16.0, 
    12.2, 
    13.4, 
    23.4, 
    11.4, 
    17.4, 
    5.4, 
    15.2
  ],